{
  "Total Customers": 39309,
  "Fulfilled Orders": 39308,
  "Fulfillment Rate": 0.9999745605332112,
  "Revenue": 1371892.2027538067
}