{
  "Total Customers": 59359,
  "Fulfilled Orders": 44380,
  "Fulfillment Rate": 0.747654104685052,
  "Revenue": 1552795.6522350188
}