{
  "Total Customers": 59260,
  "Fulfilled Orders": 44371,
  "Fulfillment Rate": 0.7487512656091799,
  "Revenue": 1554797.5340918752
}