{
  "Total Customers": 39550,
  "Fulfilled Orders": 39548,
  "Fulfillment Rate": 0.9999494310998736,
  "Revenue": 1385688.0258136773
}