{
  "Total Customers": 39577,
  "Fulfilled Orders": 39575,
  "Fulfillment Rate": 0.9999494655987063,
  "Revenue": 1386155.3791690073
}