{
  "Total Customers": 39373,
  "Fulfilled Orders": 39371,
  "Fulfillment Rate": 0.9999492037690804,
  "Revenue": 1380288.7774832814
}