{
  "Total Customers": 39363,
  "Fulfilled Orders": 39355,
  "Fulfillment Rate": 0.9997967634580698,
  "Revenue": 1377383.716066664
}