{
  "Total Customers": 59188,
  "Fulfilled Orders": 44259,
  "Fulfillment Rate": 0.7477698182063932,
  "Revenue": 1546358.0519919195
}