{
  "Total Customers": 39509,
  "Fulfilled Orders": 39503,
  "Fulfillment Rate": 0.999848135867777,
  "Revenue": 1383916.3848065918
}