{
  "Total Customers": 39293,
  "Fulfilled Orders": 39290,
  "Fulfillment Rate": 0.9999236505229939,
  "Revenue": 1374511.380452808
}