{
  "Total Customers": 39639,
  "Fulfilled Orders": 39635,
  "Fulfillment Rate": 0.9998990892807589,
  "Revenue": 1387244.9393238025
}