{
  "Total Customers": 59326,
  "Fulfilled Orders": 44285,
  "Fulfillment Rate": 0.7464686646664195,
  "Revenue": 1551781.7987444126
}