{
  "Total Customers": 59216,
  "Fulfilled Orders": 44242,
  "Fulfillment Rate": 0.7471291542826263,
  "Revenue": 1552712.9795190853
}