{
  "Total Customers": 59158,
  "Fulfilled Orders": 44200,
  "Fulfillment Rate": 0.7471516954596166,
  "Revenue": 1545575.009366808
}