{
  "Total Customers": 39427,
  "Fulfilled Orders": 39426,
  "Fulfillment Rate": 0.9999746366703021,
  "Revenue": 1378660.2856694462
}