{
  "Total Customers": 39205,
  "Fulfilled Orders": 39203,
  "Fulfillment Rate": 0.9999489860987119,
  "Revenue": 1372126.0390320746
}