{
  "Total Customers": 59276,
  "Fulfilled Orders": 44327,
  "Fulfillment Rate": 0.7478068695593495,
  "Revenue": 1550488.6859389883
}