{
  "Total Customers": 59371,
  "Fulfilled Orders": 44327,
  "Fulfillment Rate": 0.746610297956915,
  "Revenue": 1553633.7299519337
}