{
  "Total Customers": 9497,
  "Fulfilled Orders": 9496,
  "Fulfillment Rate": 0.9998947035906076,
  "Revenue": 330002.25385706924
}