{
  "Total Customers": 59548,
  "Fulfilled Orders": 44236,
  "Fulfillment Rate": 0.7428629005172298,
  "Revenue": 1549419.4557760856
}