{
  "Total Customers": 59267,
  "Fulfilled Orders": 44351,
  "Fulfillment Rate": 0.7483253749978909,
  "Revenue": 1554036.8960149414
}